{"initial_reset_timestamp": 1534519851.836334, "timestamps": [1534519852.726324, 1534519853.5036132, 1534519854.3023753, 1534519855.0749214, 1534519855.9650137, 1534519856.8548446, 1534519857.7544534, 1534519858.5717666, 1534519859.4586973, 1534519860.4079604, 1534519861.3587563, 1534519862.124368, 1534519862.901935, 1534519863.6625185, 1534519864.447358, 1534519865.2360783, 1534519866.0258915, 1534519866.8128128, 1534519867.5985653, 1534519868.3862123, 1534519869.1670187, 1534519869.9646428, 1534519870.7542603, 1534519871.5456734, 1534519872.3394887, 1534519873.1206152, 1534519873.8847425, 1534519874.648396, 1534519875.4109259, 1534519876.1920238, 1534519876.9795449, 1534519877.7708611, 1534519878.559391, 1534519879.3496895, 1534519880.1388867, 1534519880.9361308, 1534519881.7271862, 1534519882.4979339, 1534519883.2592397, 1534519884.0237305, 1534519884.7883248, 1534519885.555888, 1534519886.3248398, 1534519887.0972853, 1534519887.8714938, 1534519888.6677036, 1534519889.4613953, 1534519890.2639062, 1534519891.0613942, 1534519891.8296006, 1534519892.5964425, 1534519893.3679597, 1534519894.1359518, 1534519894.9026837, 1534519895.666055, 1534519896.4377997, 1534519897.2059143, 1534519897.9785411, 1534519898.7436662, 1534519899.5202835, 1534519900.3227057, 1534519901.1484306, 1534519901.975396, 1534519902.798083, 1534519903.628187, 1534519904.455276, 1534519905.2747178, 1534519906.0966814, 1534519906.8954813, 1534519907.7306435, 1534519908.582306, 1534519909.4549267, 1534519910.2612035, 1534519911.0841916, 1534519911.9583583, 1534519912.821834, 1534519913.6814182, 1534519914.5106475, 1534519915.2796772, 1534519916.0538132, 1534519916.8291528, 1534519917.5986993, 1534519918.3782706, 1534519919.14711, 1534519919.9197829, 1534519920.7088473, 1534519921.4891393, 1534519922.2615592, 1534519923.03451, 1534519923.8061497, 1534519924.5853283, 1534519925.361212, 1534519926.1303058, 1534519926.9047494, 1534519927.6792142, 1534519928.4588113, 1534519929.2323537, 1534519930.0109885, 1534519930.7893465, 1534519931.5657537, 1534519932.4072893, 1534519933.2123327, 1534519934.011716, 1534519934.8097022, 1534519935.6133583, 1534519936.4953809, 1534519937.2856483, 1534519938.058056, 1534519938.8402395, 1534519939.6190522, 1534519940.3991253, 1534519941.1787264, 1534519941.9635663, 1534519942.8234453, 1534519943.6643448, 1534519944.4726317, 1534519945.2802541, 1534519946.0875516, 1534519946.8993933, 1534519947.6725895, 1534519948.4535797, 1534519949.2276623, 1534519950.0052931, 1534519950.813077, 1534519951.5876377, 1534519952.4171298, 1534519953.1995714, 1534519953.9763372, 1534519954.758032, 1534519955.5368462, 1534519956.3129764, 1534519957.0928986, 1534519957.8670976, 1534519958.6495516, 1534519959.4384787, 1534519960.2224135, 1534519961.0042074, 1534519961.7844014, 1534519962.5644581, 1534519963.3440337, 1534519964.1232984, 1534519964.9684496, 1534519965.800155, 1534519966.682739, 1534519967.5462391, 1534519968.4138098, 1534519969.2782602, 1534519970.1455364, 1534519971.0126932, 1534519971.8825135, 1534519972.6867115, 1534519973.4912996, 1534519974.2967708, 1534519975.1440077, 1534519975.9411657, 1534519976.7225723, 1534519977.4997702, 1534519978.306902, 1534519979.1111574, 1534519979.9162428, 1534519980.737692, 1534519981.5186112, 1534519982.2980652, 1534519983.076764, 1534519983.8588045, 1534519984.6433797, 1534519985.4278736, 1534519986.2072747, 1534519986.986827, 1534519987.7703342, 1534519988.5542178, 1534519989.3359637, 1534519990.1441188, 1534519990.9811974, 1534519991.8171725, 1534519992.6602128, 1534519993.5020998, 1534519994.3384922, 1534519995.193053, 1534519995.9853194, 1534519996.7984207, 1534519997.606459, 1534519998.4155025, 1534519999.2214692, 1534520000.0356197, 1534520000.8562055, 1534520001.6710987, 1534520002.460883, 1534520003.2471557, 1534520004.0297558, 1534520004.818553, 1534520005.6069973, 1534520006.397367, 1534520007.179878, 1534520007.9679337, 1534520008.7510269, 1534520009.5341508, 1534520010.3276927, 1534520011.1439266, 1534520011.9343984, 1534520012.7193904, 1534520013.5084033, 1534520014.2934968, 1534520015.079187, 1534520015.8684144, 1534520016.6566195, 1534520017.442554, 1534520018.2354462, 1534520019.0243788, 1534520019.8216841, 1534520020.6085198, 1534520021.399137, 1534520022.180707, 1534520022.9660525, 1534520023.7525733, 1534520024.5381236, 1534520025.3263655, 1534520026.115986, 1534520026.9035332, 1534520027.7623127, 1534520028.5545428, 1534520029.3399706, 1534520030.1295154, 1534520030.9809663, 1534520031.769635, 1534520032.587938, 1534520033.4055707, 1534520034.2240522, 1534520035.0404968, 1534520035.8588288, 1534520036.6772237, 1534520037.4938214, 1534520038.2996058, 1534520039.0902872, 1534520039.8787534, 1534520040.694871, 1534520041.5217614, 1534520042.3432014, 1534520043.2179878, 1534520044.009577, 1534520044.798681, 1534520045.5928338, 1534520046.3918176, 1534520047.183132, 1534520047.9750624, 1534520048.7667804, 1534520049.5604668, 1534520050.3715167, 1534520051.1920416, 1534520052.0126219, 1534520052.869413, 1534520053.7291188, 1534520054.67106, 1534520055.5015671, 1534520056.3093753, 1534520057.1113944, 1534520057.908473, 1534520058.7022219, 1534520059.4919043, 1534520060.2838562, 1534520061.0757258, 1534520061.8932385, 1534520062.7264857, 1534520063.549735, 1534520064.3782547, 1534520065.2060213, 1534520066.032419, 1534520066.8637195, 1534520067.6855173, 1534520068.511685, 1534520069.3582454, 1534520070.1680007, 1534520070.9842455, 1534520071.7793844, 1534520072.574311, 1534520073.3810403, 1534520074.2518673, 1534520075.195323, 1534520076.1241724, 1534520077.045667, 1534520077.9071057, 1534520078.7044332, 1534520079.5013535, 1534520080.32098, 1534520081.141266, 1534520081.9639318, 1534520082.815616, 1534520083.663414, 1534520084.5030878, 1534520085.470774, 1534520086.3667703, 1534520087.2366142, 1534520088.0840256, 1534520088.9072487, 1534520089.792708, 1534520090.7377844, 1534520091.5965, 1534520092.5332587, 1534520093.5229285, 1534520094.4154403, 1534520095.2054281, 1534520096.0036101, 1534520096.797572, 1534520097.5925455, 1534520098.4252014, 1534520099.2732813, 1534520100.1270177, 1534520100.9894261, 1534520101.7851548, 1534520102.577571, 1534520103.3742945, 1534520104.1885028, 1534520105.2002227, 1534520106.156085, 1534520107.066086, 1534520108.0298688, 1534520108.9125395, 1534520109.741895, 1534520110.5675235, 1534520111.3683615, 1534520112.173511, 1534520113.0147157, 1534520113.869388, 1534520114.6945632, 1534520115.5009205, 1534520116.462748, 1534520117.2972498, 1534520118.142257, 1534520118.9860547, 1534520119.8272612, 1534520120.667797, 1534520121.5729797, 1534520122.5860908, 1534520123.6040905, 1534520124.5520911, 1534520125.3741887, 1534520126.1978836, 1534520127.020212, 1534520127.8532922, 1534520128.7373276, 1534520129.6010396, 1534520130.4327557, 1534520131.404569, 1534520132.2147336, 1534520133.0267067, 1534520133.8353689, 1534520134.6548886, 1534520135.4662175, 1534520136.2735817, 1534520137.0865846, 1534520137.9378176, 1534520138.8152876, 1534520139.6633108, 1534520140.5360048, 1534520141.411564, 1534520142.286046, 1534520143.2220733, 1534520144.1615622, 1534520145.1809213, 1534520146.13583, 1534520147.1117592, 1534520148.1285682, 1534520149.0711052, 1534520150.0199118, 1534520150.9304295, 1534520151.7989073, 1534520152.6765378, 1534520153.608114, 1534520154.4909835],