{"initial_reset_timestamp": 1534426277.607473, "timestamps": [1534426282.132554, 1534426288.756981, 1534426295.083638, 1534426301.6444201, 1534426308.054848, 1534426314.710637, 1534426323.809431, 1534426333.5104792, 1534426341.555608, 1534426349.2131672, 1534426355.8682098, 1534426362.3251672, 1534426368.604308, 1534426375.21822, 1534426381.571279, 1534426388.383563, 1534426396.141369, 1534426402.513469, 1534426408.872494, 1534426415.199832, 1534426421.800079, 1534426428.174758, 1534426434.477782, 1534426440.8303082, 1534426447.172981, 1534426453.7919612, 1534426460.121394, 1534426471.31266, 1534426480.8949661, 1534426487.508354, 1534426494.102677, 1534426500.706422, 1534426509.483762, 1534426516.863229, 1534426523.440507, 1534426529.969087, 1534426536.4863172, 1534426543.214756, 1534426549.834899, 1534426559.311611, 1534426567.661084, 1534426576.9910688, 1534426586.388004, 1534426593.714941, 1534426602.351467, 1534426608.836771, 1534426617.2881, 1534426625.826018, 1534426634.2517, 1534426640.961349, 1534426647.116666, 1534426653.225378, 1534426659.582174, 1534426666.572639, 1534426673.430602, 1534426679.8366148, 1534426686.411896, 1534426692.987011, 1534426701.901809, 1534426708.711243, 1534426715.265949, 1534426722.0972748, 1534426728.7120268, 1534426735.2507489, 1534426741.788081, 1534426748.341153, 1534426755.136396, 1534426761.713526, 1534426768.4018729, 1534426774.9654489, 1534426781.783746, 1534426788.4213068, 1534426794.93745, 1534426801.480315, 1534426808.0635688, 1534426814.860851, 1534426821.433492, 1534426827.982762, 1534426834.537285, 1534426841.316747, 1534426847.878999, 1534426854.381216, 1534426860.931865, 1534426867.497827, 1534426874.283437, 1534426880.872094, 1534426887.456502, 1534426894.012896, 1534426900.6049228, 1534426907.465358, 1534426914.0435221, 1534426920.603141, 1534426927.210013, 1534426934.0787158, 1534426940.650659, 1534426947.20877, 1534426953.781628, 1534426961.404873, 1534426968.579007, 1534426975.0864792, 1534426981.6380842, 1534426988.219703, 1534426995.02485, 1534427001.6030788, 1534427008.159125, 1534427014.7138848, 1534427021.542619, 1534427028.115144, 1534427034.661248, 1534427041.2294888, 1534427047.7931242, 1534427054.665399, 1534427061.238406, 1534427067.780659, 1534427074.3397188, 1534427081.1769679, 1534427087.727065, 1534427094.4091032, 1534427100.983095, 1534427107.546664, 1534427114.374906, 1534427120.985992, 1534427127.583161, 1534427134.125058, 1534427140.778362, 1534427147.535518, 1534427154.119501, 1534427160.669389, 1534427167.23247, 1534427174.063193, 1534427180.6392121, 1534427187.252246, 1534427194.074847, 1534427200.689108, 1534427207.518864, 1534427214.091723, 1534427220.682276, 1534427227.276442, 1534427234.126231, 1534427240.6778398, 1534427247.33291, 1534427253.934614, 1534427261.172792, 1534427267.749136, 1534427274.341974, 1534427280.9109068, 1534427287.478967, 1534427294.33793, 1534427300.948964, 1534427307.637781, 1534427314.229271, 1534427321.380456, 1534427328.026693, 1534427334.575147, 1534427341.1386921, 1534427347.708686, 1534427354.58865, 1534427361.140339, 1534427367.8397388, 1534427374.422296, 1534427381.512107, 1534427388.1071901, 1534427394.6863518, 1534427401.28863, 1534427407.912322, 1534427414.752884, 1534427421.34973, 1534427428.01348, 1534427434.743294, 1534427441.831625, 1534427448.4116092, 1534427454.981442, 1534427461.58861, 1534427468.172081, 1534427474.98301, 1534427481.542486, 1534427488.119895, 1534427494.787224, 1534427501.872621, 1534427508.4690838, 1534427515.040533, 1534427521.6378508, 1534427528.282592, 1534427535.092148, 1534427541.6752589, 1534427548.26638, 1534427554.957171, 1534427562.06146, 1534427568.6739478, 1534427575.2733738, 1534427581.8893068, 1534427588.478365, 1534427595.347806, 1534427601.960472, 1534427608.579116, 1534427615.2788548, 1534427622.4268632, 1534427629.026356, 1534427635.619722, 1534427642.2202811, 1534427648.813685, 1534427655.705824, 1534427662.280776, 1534427668.8385122, 1534427675.502885, 1534427682.695793, 1534427689.2989829, 1534427695.8944588, 1534427702.492265, 1534427709.074058, 1534427715.927983, 1534427722.5253499, 1534427729.2198231, 1534427736.1102898, 1534427742.9431381, 1534427749.4924889, 1534427756.186555, 1534427767.768513, 1534427775.126843, 1534427782.0121322, 1534427789.020503, 1534427797.579713, 1534427805.313675, 1534427812.8302112, 1534427820.79475, 1534427828.402751, 1534427835.743561, 1534427842.97372, 1534427850.1375701, 1534427857.1383748, 1534427863.879209, 1534427871.3550231, 1534427878.839038, 1534427888.631671, 1534427896.67067, 1534427904.370775, 1534427912.4335139, 1534427920.658656, 1534427928.4855459, 1534427935.776584, 1534427942.905492, 1534427949.8422568, 1534427956.670187, 1534427964.002835, 1534427971.2564049, 1534427978.194058, 1534427985.2002208, 1534427992.087397, 1534427998.9323368, 1534428006.068187, 1534428012.951108, 1534428019.5195131, 1534428026.4519758, 1534428033.395177, 1534428040.449234, 1534428047.5396821, 1534428054.3827388, 1534428061.23724, 1534428067.95018, 1534428074.500294, 1534428081.727242, 1534428088.955275, 1534428095.838546, 1534428102.713127, 1534428109.700421, 1534428116.609847, 1534428123.7780092, 1534428130.621757, 1534428137.691957, 1534428145.80178, 1534428152.9123461, 1534428159.2382321, 1534428165.4883032, 1534428171.675811, 1534428177.9476979, 1534428184.5377111, 1534428191.0172071, 1534428197.23222, 1534428203.797365, 1534428210.51104, 1534428216.863955, 1534428223.271222, 1534428229.592281, 1534428235.8910332, 1534428243.616224, 1534428250.251698, 1534428256.460753, 1534428262.6628952, 1534428269.3756921, 1534428275.6941319, 1534428282.031553, 1534428288.552491, 1534428294.788921, 1534428302.2749262, 1534428308.700097, 1534428315.0255492, 1534428321.5454779, 1534428327.84547, 1534428334.303832, 1534428340.826731, 1534428347.034249, 1534428354.367699, 1534428362.761986], "episode_lengths": [200, 200, 200, 200, 200, 200, 200, 200, 200, 200, 200, 200, 200, 200, 200, 200, 200, 200, 200, 200, 200, 200, 200, 200, 200, 200, 200, 200, 200, 200, 200, 200, 200, 200, 200, 200, 200, 200, 200, 200, 200, 200, 200, 200, 200, 200, 200, 200, 200, 200, 200, 200, 200, 200, 200, 200, 200, 200, 200, 200, 200, 200, 200, 200, 200, 200, 200, 200, 200, 200, 200, 200, 200, 200, 200, 200, 200, 200, 200, 200, 200, 200, 200, 200, 200, 200, 200, 200, 200, 200, 200, 200, 200, 200, 200, 200, 200, 200, 200, 200, 200, 200, 200, 200, 200, 200, 200, 200, 200, 200, 200, 200, 200, 200, 200, 200, 200, 200, 200, 200, 200, 200, 200, 200, 200, 200, 200, 200, 200, 200, 200, 200, 200, 200, 200, 200, 200, 200, 200, 200, 200, 200, 200, 200, 200, 200, 200, 200, 200, 200, 200, 200, 200, 200, 200, 200, 200, 200, 200, 200, 200, 200, 200, 200, 200, 200, 200, 200, 200, 200, 200, 200, 200, 200, 200, 200, 200, 200, 200, 200, 200, 200, 200, 200, 200, 200, 200, 200, 200, 200, 200, 200, 200, 200, 200, 200, 200, 200, 200, 200, 200, 200, 200, 200, 200, 200, 200, 200, 200, 200, 200, 200, 200, 200, 200, 200, 200, 200, 200, 200, 200, 200, 200, 200, 200, 200, 200, 200, 200, 200, 200, 200, 200, 200, 200, 200, 200, 200, 200, 200, 200, 200, 200, 200, 200, 200, 200, 200, 200, 200, 200, 200, 200, 200, 200, 200, 200, 200, 200, 200, 200, 200, 200, 200, 200, 200, 200, 200, 200, 200, 200, 200, 200, 200, 200, 200, 200, 200, 200, 200, 200, 200, 200, 200, 200, 200, 200, 200, 200, 200, 200, 200, 200, 200, 200, 200, 200, 200, 200, 200, 200, 200, 200],